[
null,
{"id":1,"battlerName":"Actor1_1","characterIndex":0,"characterName":"Actor1","classId":1,"equips":[1,2,3,1],"faceIndex":0,"faceName":"Actor1","traits":[],"initialLevel":10,"maxLevel":99,"name":"Harold","nickname":"","note":"","profile":""},
{"id":2,"battlerName":"Actor1_8","characterIndex":7,"characterName":"Actor1","classId":1,"equips":[1,2,3,1],"faceIndex":7,"faceName":"Actor1","traits":[],"initialLevel":10,"maxLevel":99,"name":"Therese","nickname":"","note":"","profile":""},
{"id":3,"battlerName":"Actor3_8","characterIndex":7,"characterName":"Actor3","classId":1,"equips":[1,2,3,1],"faceIndex":7,"faceName":"Actor3","traits":[],"initialLevel":10,"maxLevel":99,"name":"Marsha","nickname":"","note":"","profile":""},
{"id":4,"battlerName":"Actor2_7","characterIndex":6,"characterName":"Actor2","classId":1,"equips":[1,2,3,1],"faceIndex":6,"faceName":"Actor2","traits":[],"initialLevel":10,"maxLevel":99,"name":"Lucius","nickname":"","note":"","profile":""}
]