[
null,
{"id":1,"atypeId":1,"description":"","etypeId":4,"traits":[{"code":22,"dataId":1,"value":0}],"iconIndex":135,"name":"Cloth","note":"","params":[0,0,0,10,0,0,0,0],"price":0},
{"id":2,"atypeId":2,"description":"","etypeId":2,"traits":[{"code":22,"dataId":1,"value":0}],"iconIndex":129,"name":"Buckler","note":"","params":[0,0,0,5,0,0,0,0],"price":0},
{"id":3,"atypeId":3,"description":"","etypeId":3,"traits":[{"code":22,"dataId":1,"value":0}],"iconIndex":130,"name":"Cap","note":"","params":[0,0,0,5,0,0,0,0],"price":0},
{"id":4,"atypeId":4,"description":"","etypeId":4,"traits":[{"code":22,"dataId":1,"value":0}],"iconIndex":136,"name":"Leather Armor","note":"","params":[0,0,0,20,0,0,0,0],"price":0},
{"id":5,"atypeId":5,"description":"","etypeId":2,"traits":[{"code":22,"dataId":1,"value":0}],"iconIndex":129,"name":"Small Shield","note":"","params":[0,0,0,10,0,0,0,0],"price":0},
{"id":6,"atypeId":6,"description":"","etypeId":3,"traits":[{"code":22,"dataId":1,"value":0}],"iconIndex":131,"name":"Leather Helm","note":"","params":[0,0,0,10,0,0,0,0],"price":0},
{"id":7,"atypeId":7,"description":"","etypeId":4,"traits":[{"code":22,"dataId":1,"value":0}],"iconIndex":137,"name":"Plate Mail","note":"","params":[0,0,0,30,0,0,0,0],"price":0},
{"id":8,"atypeId":8,"description":"","etypeId":2,"traits":[{"code":22,"dataId":1,"value":0}],"iconIndex":128,"name":"Iron Shield","note":"","params":[0,0,0,15,0,0,0,0],"price":0},
{"id":9,"atypeId":9,"description":"","etypeId":3,"traits":[{"code":22,"dataId":1,"value":0}],"iconIndex":132,"name":"Iron Helm","note":"","params":[0,0,0,15,0,0,0,0],"price":0}
]