[
null,
{"id":1,"actions":[{"conditionParam1":0,"conditionParam2":0,"conditionType":0,"rating":5,"skillId":1},{"conditionParam1":0,"conditionParam2":0,"conditionType":0,"rating":6,"skillId":16}],"battlerHue":152,"battlerName":"Slime","dropItems":[{"dataId":1,"denominator":1,"kind":0},{"dataId":1,"denominator":1,"kind":0},{"dataId":1,"denominator":1,"kind":0}],"exp":0,"traits":[{"code":22,"dataId":0,"value":0.9},{"code":22,"dataId":1,"value":0},{"code":31,"dataId":1,"value":0},{"code":41,"dataId":3,"value":1}],"gold":0,"name":"Fire Slime","note":"","params":[700,100,45,25,25,25,30,30]},
{"id":2,"actions":[{"conditionParam1":0,"conditionParam2":0,"conditionType":0,"rating":5,"skillId":1},{"conditionParam1":0,"conditionParam2":0,"conditionType":0,"rating":6,"skillId":12}],"battlerHue":236,"battlerName":"Slime","dropItems":[{"dataId":1,"denominator":1,"kind":0},{"dataId":1,"denominator":1,"kind":0},{"dataId":1,"denominator":1,"kind":0}],"exp":0,"traits":[{"code":22,"dataId":0,"value":0.9},{"code":22,"dataId":1,"value":0},{"code":31,"dataId":1,"value":0},{"code":41,"dataId":2,"value":1}],"gold":0,"name":"Poison Slime","note":"","params":[700,100,45,25,25,25,30,30]},
{"id":3,"actions":[{"conditionParam1":0,"conditionParam2":0,"conditionType":0,"rating":5,"skillId":1},{"conditionParam1":0,"conditionParam2":0,"conditionType":0,"rating":6,"skillId":13}],"battlerHue":68,"battlerName":"Slime","dropItems":[{"dataId":1,"denominator":1,"kind":0},{"dataId":1,"denominator":1,"kind":0},{"dataId":1,"denominator":1,"kind":0}],"exp":0,"traits":[{"code":22,"dataId":0,"value":0.9},{"code":22,"dataId":1,"value":0},{"code":31,"dataId":1,"value":0},{"code":41,"dataId":2,"value":1}],"gold":0,"name":"Dark Slime","note":"","params":[700,100,45,25,25,25,30,30]}
]