{
"autoplayBgm":false,"autoplayBgs":false,"battleback1Name":"","battleback2Name":"","bgm":{"name":"","pan":0,"pitch":100,"volume":90},"bgs":{"name":"","pan":0,"pitch":100,"volume":90},"disableDashing":false,"displayName":"","encounterList":[],"encounterStep":30,"height":12,"note":"","parallaxLoopX":false,"parallaxLoopY":false,"parallaxName":"","parallaxShow":true,"parallaxSx":0,"parallaxSy":0,"scrollType":0,"specifyBattleback":false,"tilesetId":1,"width":13,
"data":[2048,2048,2052,2076,2076,2076,2076,2076,2076,2076,2056,2048,2048,2048,2052,2086,2850,2836,2836,2836,2836,2836,2852,2088,2056,2048,2052,2086,2850,2817,2816,2816,2816,2816,2816,2818,2852,2088,2056,2072,2850,2817,2816,2816,2816,2816,2816,2816,2816,2818,2852,2064,2072,2832,2816,2816,2816,2816,2816,2816,2816,2816,2816,2840,2064,2072,2832,2816,2816,2816,2816,2816,2816,2816,2816,2816,2840,2064,2072,2832,2816,2816,2816,2816,2816,2816,2816,2816,2816,2840,2064,2072,2832,2816,2816,2816,2816,2816,2816,2816,2816,2816,2840,2064,2072,2856,2824,2816,2816,2816,2816,2816,2816,2816,2820,2854,2064,2050,2084,2856,2824,2816,2816,2816,2816,2816,2820,2854,2082,2049,2048,2050,2084,2856,2844,2844,2844,2844,2844,2854,2082,2049,2048,2048,2048,2050,2068,2068,2068,2068,2068,2068,2068,2049,2048,2048,0,0,0,0,0,0,0,0,0,0,0,0,0,0,0,0,0,0,0,0,0,0,0,0,0,0,0,0,0,0,0,0,0,0,0,0,0,0,0,0,0,0,0,0,0,0,0,0,0,0,0,0,0,0,0,0,0,0,0,0,0,0,0,0,0,0,0,0,0,0,0,0,0,0,0,0,0,0,0,0,0,0,0,0,0,0,0,0,0,0,0,0,0,0,0,0,0,0,0,0,0,0,0,0,0,0,0,0,0,0,0,0,0,0,0,0,0,0,0,0,0,0,0,0,0,0,0,0,0,0,0,0,0,0,0,0,0,0,0,0,0,0,0,0,0,0,0,0,0,0,0,0,0,0,0,0,0,0,0,0,0,0,0,0,0,0,0,0,0,0,0,0,0,0,0,0,0,0,0,0,0,0,0,0,0,0,0,0,0,0,0,0,0,0,0,0,0,0,0,0,0,0,0,0,0,0,0,0,0,0,0,0,0,0,0,0,0,0,0,0,0,0,0,0,0,0,0,0,0,0,0,0,0,0,0,0,0,0,0,0,0,0,0,0,0,0,0,0,0,0,0,0,0,0,0,0,0,0,0,0,0,0,0,0,0,0,0,0,0,0,0,0,0,0,0,0,0,0,0,0,0,0,0,0,0,0,0,0,0,0,0,0,0,0,0,0,0,0,0,0,0,0,0,0,0,0,0,0,0,0,0,0,0,0,0,0,0,0,0,0,0,0,0,0,0,0,0,0,0,0,0,0,0,0,0,0,0,0,0,0,0,0,0,0,0,0,0,0,0,0,0,0,0,0,0,0,0,0,0,0,0,0,0,0,0,0,0,0,0,0,0,0,0,0,0,0,0,0,0,0,0,0,0,0,0,0,0,0,0,0,0,0,0,0,0,0,0,0,0,0,0,0,0,0,0,0,0,0,0,0,0,0,0,0,0,0,0,0,0,0,0,0,0,0,0,0,0,0,0,0,0,0,0,0,0,0,0,0,0,0,0,0,0,0,0,0,0,0,0,0,0,0,0,0,0,0,0,0,0,0,0,0,0,0,0,0,0,0,0,0,0,0,0,0,0,0,0,0,0,0,0,0,0,0,0,0,0,0,0,0,0,0,0,0,0,0,0,0,0,0,0,0,0,0,0,0,0,0,0,0,0,0,0,0,0,0,0,0,0,0,0,0,0,0,0,0,0,0,0,0,0,0,0,0,0,0,0,0,0,0,0,0,0,0,0,0,0,0,0,0,0,0,0,0,0,0,0,0,0,0,0,0,0,0,0,0,0,0,0,0,0,0,0,0,0,0,0,0,0,0,0,0,0,0,0,0,0,0,0,0,0,0,0,0,0,0,0,0,0,0,0,0,0,0,0,0,0,0,0,0,0,0,0,0,0,0,0,0,0,0,0,0,0,0,0,0,0,0,0,0,0,0,0,0,0,0,0,0,0,0,0,0,0,0,0,0,0,0,0,0,0,0,0,0,0,0,0,0,0,0,0,0,0,0,0,0,0,0,0,0,0,0,0,0,0,0,0,0,0,0,0,0,0,0,0,0,0,0,0,0,0,0,0,0,0,0,0,0,0,0,0,0,0,0,0,0,0,0,0,0,0,0,0,0,0,0,0,0,0,0,0,0,0,0,0,0,0,0,0,0,0,0,0,0,0,0,0,0,0,0,0,0,0,0,0,0,0,0,0,0,0,0,0,0,0,0,0,0,0,0,0,0,0,0,0,0,0,0,0,0,0,0,0,0,0,0,0,0,0,0],
"events":[
null,
{"id":1,"name":"Level Up","note":"","pages":[{"conditions":{"actorId":1,"actorValid":false,"itemId":1,"itemValid":false,"selfSwitchCh":"A","selfSwitchValid":false,"switch1Id":1,"switch1Valid":false,"switch2Id":1,"switch2Valid":false,"variableId":1,"variableValid":false,"variableValue":0},"directionFix":false,"image":{"tileId":0,"characterName":"People3","direction":2,"pattern":1,"characterIndex":0},"list":[{"code":101,"indent":0,"parameters":["People3",0,0,2]},{"code":401,"indent":0,"parameters":["I will add a level to all of you so you"]},{"code":401,"indent":0,"parameters":["have more points."]},{"code":316,"indent":0,"parameters":[0,0,0,0,1,false]},{"code":0,"indent":0,"parameters":[]}],"moveFrequency":3,"moveRoute":{"list":[{"code":0,"parameters":[]}],"repeat":true,"skippable":false,"wait":false},"moveSpeed":3,"moveType":0,"priorityType":1,"stepAnime":true,"through":false,"trigger":0,"walkAnime":true}],"x":5,"y":3},
{"id":2,"name":"Init","note":"","pages":[{"conditions":{"actorId":1,"actorValid":false,"itemId":1,"itemValid":false,"selfSwitchCh":"A","selfSwitchValid":false,"switch1Id":1,"switch1Valid":false,"switch2Id":1,"switch2Valid":false,"variableId":1,"variableValid":false,"variableValue":0},"directionFix":false,"image":{"characterIndex":0,"characterName":"","direction":2,"pattern":0,"tileId":0},"list":[{"code":127,"indent":0,"parameters":[2,0,0,4,false]},{"code":127,"indent":0,"parameters":[3,0,0,4,false]},{"code":127,"indent":0,"parameters":[4,0,0,4,false]},{"code":127,"indent":0,"parameters":[5,0,0,4,false]},{"code":127,"indent":0,"parameters":[6,0,0,4,false]},{"code":128,"indent":0,"parameters":[4,0,0,4,false]},{"code":128,"indent":0,"parameters":[5,0,0,4,false]},{"code":128,"indent":0,"parameters":[6,0,0,4,false]},{"code":128,"indent":0,"parameters":[7,0,0,4,false]},{"code":128,"indent":0,"parameters":[8,0,0,4,false]},{"code":128,"indent":0,"parameters":[9,0,0,4,false]},{"code":314,"indent":0,"parameters":[0,0]},{"code":214,"indent":0,"parameters":[]},{"code":0,"indent":0,"parameters":[]}],"moveFrequency":3,"moveRoute":{"list":[{"code":0,"parameters":[]}],"repeat":true,"skippable":false,"wait":false},"moveSpeed":3,"moveType":0,"priorityType":0,"stepAnime":false,"through":false,"trigger":3,"walkAnime":true}],"x":0,"y":0},
{"id":3,"name":"Yanfly Plugins","note":"","pages":[{"conditions":{"actorId":1,"actorValid":false,"itemId":1,"itemValid":false,"selfSwitchCh":"A","selfSwitchValid":false,"switch1Id":1,"switch1Valid":false,"switch2Id":1,"switch2Valid":false,"variableId":1,"variableValid":false,"variableValue":0},"directionFix":false,"image":{"tileId":0,"characterName":"People3","direction":2,"pattern":1,"characterIndex":1},"list":[{"code":101,"indent":0,"parameters":["People3",1,0,2]},{"code":401,"indent":0,"parameters":["If you install Yanfly's Core Engine and "]},{"code":401,"indent":0,"parameters":["also his StatusMenuCore, you will more "]},{"code":401,"indent":0,"parameters":["easily be able to see some of the changes"]},{"code":401,"indent":0,"parameters":["that happen when some Talents are upgraded."]},{"code":101,"indent":0,"parameters":["People3",1,0,2]},{"code":401,"indent":0,"parameters":["Talents that improve Elemental Resistance,"]},{"code":401,"indent":0,"parameters":["Hit Percentage and Status Resistance are "]},{"code":401,"indent":0,"parameters":["hard to see unless the numbers are visible"]},{"code":401,"indent":0,"parameters":["and the default engine doesn't show those."]},{"code":0,"indent":0,"parameters":[]}],"moveFrequency":3,"moveRoute":{"list":[{"code":0,"parameters":[]}],"repeat":true,"skippable":false,"wait":false},"moveSpeed":3,"moveType":0,"priorityType":1,"stepAnime":true,"through":false,"trigger":0,"walkAnime":true}],"x":7,"y":3},
{"id":4,"name":"Points","note":"","pages":[{"conditions":{"actorId":1,"actorValid":false,"itemId":1,"itemValid":false,"selfSwitchCh":"A","selfSwitchValid":false,"switch1Id":1,"switch1Valid":false,"switch2Id":1,"switch2Valid":false,"variableId":1,"variableValid":false,"variableValue":0},"directionFix":false,"image":{"tileId":0,"characterName":"People3","direction":2,"pattern":1,"characterIndex":2},"list":[{"code":101,"indent":0,"parameters":["People3",2,0,2]},{"code":401,"indent":0,"parameters":["Normally, your characters would only start "]},{"code":401,"indent":0,"parameters":["with a small number of Talent Points for a"]},{"code":401,"indent":0,"parameters":["system this small.  But this is just a demo"]},{"code":401,"indent":0,"parameters":["so distribute your points as you see fit."]},{"code":101,"indent":0,"parameters":["People3",2,0,2]},{"code":401,"indent":0,"parameters":["Your players can choose to apply all of "]},{"code":401,"indent":0,"parameters":["their Talent points into fighting, magic,"]},{"code":401,"indent":0,"parameters":["healing, thief-type skills or whatever"]},{"code":401,"indent":0,"parameters":["your game offers."]},{"code":101,"indent":0,"parameters":["People3",2,0,2]},{"code":401,"indent":0,"parameters":["They could also diversify their character(s)"]},{"code":401,"indent":0,"parameters":["so that they're effectively cross-class"]},{"code":401,"indent":0,"parameters":["with abilities from each, like say Fighter"]},{"code":401,"indent":0,"parameters":["and Wizard."]},{"code":101,"indent":0,"parameters":["People3",2,0,2]},{"code":401,"indent":0,"parameters":["That character wouldn't be as good a Wizard"]},{"code":401,"indent":0,"parameters":["or as good a Fighter as another that "]},{"code":401,"indent":0,"parameters":["focused on one of the two but would be a"]},{"code":401,"indent":0,"parameters":["more versatile character."]},{"code":0,"indent":0,"parameters":[]}],"moveFrequency":3,"moveRoute":{"list":[{"code":0,"parameters":[]}],"repeat":true,"skippable":false,"wait":false},"moveSpeed":3,"moveType":0,"priorityType":1,"stepAnime":true,"through":false,"trigger":0,"walkAnime":true}],"x":3,"y":4},
{"id":5,"name":"Traits","note":"","pages":[{"conditions":{"actorId":1,"actorValid":false,"itemId":1,"itemValid":false,"selfSwitchCh":"A","selfSwitchValid":false,"switch1Id":1,"switch1Valid":false,"switch2Id":1,"switch2Valid":false,"variableId":1,"variableValid":false,"variableValue":0},"directionFix":false,"image":{"tileId":0,"characterName":"People3","direction":2,"pattern":1,"characterIndex":3},"list":[{"code":101,"indent":0,"parameters":["People3",3,0,2]},{"code":401,"indent":0,"parameters":["Here is a chart that shows what traits are"]},{"code":401,"indent":0,"parameters":["gained for each Talent Rank increase in"]},{"code":401,"indent":0,"parameters":["this small demo.  A real game would likely "]},{"code":401,"indent":0,"parameters":["be much more elaborate."]},{"code":231,"indent":0,"parameters":[1,"traits",1,0,408,312,75,75,255,0]},{"code":101,"indent":0,"parameters":["",0,2,2]},{"code":401,"indent":0,"parameters":[""]},{"code":235,"indent":0,"parameters":[1]},{"code":0,"indent":0,"parameters":[]}],"moveFrequency":3,"moveRoute":{"list":[{"code":0,"parameters":[]}],"repeat":true,"skippable":false,"wait":false},"moveSpeed":3,"moveType":0,"priorityType":1,"stepAnime":true,"through":false,"trigger":0,"walkAnime":true}],"x":9,"y":4},
{"id":6,"name":"Fire Slime Battle","note":"","pages":[{"conditions":{"actorId":1,"actorValid":false,"itemId":1,"itemValid":false,"selfSwitchCh":"A","selfSwitchValid":false,"switch1Id":1,"switch1Valid":false,"switch2Id":1,"switch2Valid":false,"variableId":1,"variableValid":false,"variableValue":0},"directionFix":false,"image":{"tileId":0,"characterName":"slimes","direction":2,"pattern":1,"characterIndex":1},"list":[{"code":301,"indent":0,"parameters":[0,1,true,true]},{"code":601,"indent":0,"parameters":[]},{"code":0,"indent":1,"parameters":[]},{"code":602,"indent":0,"parameters":[]},{"code":0,"indent":1,"parameters":[]},{"code":603,"indent":0,"parameters":[]},{"code":0,"indent":1,"parameters":[]},{"code":604,"indent":0,"parameters":[]},{"code":0,"indent":0,"parameters":[]}],"moveFrequency":3,"moveRoute":{"list":[{"code":0,"parameters":[]}],"repeat":true,"skippable":false,"wait":false},"moveSpeed":3,"moveType":0,"priorityType":1,"stepAnime":true,"through":false,"trigger":0,"walkAnime":true}],"x":4,"y":7},
{"id":7,"name":"Fire Slime Battle","note":"","pages":[{"conditions":{"actorId":1,"actorValid":false,"itemId":1,"itemValid":false,"selfSwitchCh":"A","selfSwitchValid":false,"switch1Id":1,"switch1Valid":false,"switch2Id":1,"switch2Valid":false,"variableId":1,"variableValid":false,"variableValue":0},"directionFix":false,"image":{"tileId":0,"characterName":"slimes","direction":2,"pattern":1,"characterIndex":4},"list":[{"code":301,"indent":0,"parameters":[0,2,true,true]},{"code":601,"indent":0,"parameters":[]},{"code":0,"indent":1,"parameters":[]},{"code":602,"indent":0,"parameters":[]},{"code":0,"indent":1,"parameters":[]},{"code":603,"indent":0,"parameters":[]},{"code":0,"indent":1,"parameters":[]},{"code":604,"indent":0,"parameters":[]},{"code":0,"indent":0,"parameters":[]}],"moveFrequency":3,"moveRoute":{"list":[{"code":0,"parameters":[]}],"repeat":true,"skippable":false,"wait":false},"moveSpeed":3,"moveType":0,"priorityType":1,"stepAnime":true,"through":false,"trigger":0,"walkAnime":true}],"x":6,"y":8},
{"id":8,"name":"Fire Slime Battle","note":"","pages":[{"conditions":{"actorId":1,"actorValid":false,"itemId":1,"itemValid":false,"selfSwitchCh":"A","selfSwitchValid":false,"switch1Id":1,"switch1Valid":false,"switch2Id":1,"switch2Valid":false,"variableId":1,"variableValid":false,"variableValue":0},"directionFix":false,"image":{"tileId":0,"characterName":"slimes","direction":2,"pattern":1,"characterIndex":6},"list":[{"code":301,"indent":0,"parameters":[0,3,true,true]},{"code":601,"indent":0,"parameters":[]},{"code":0,"indent":1,"parameters":[]},{"code":602,"indent":0,"parameters":[]},{"code":0,"indent":1,"parameters":[]},{"code":603,"indent":0,"parameters":[]},{"code":0,"indent":1,"parameters":[]},{"code":604,"indent":0,"parameters":[]},{"code":0,"indent":0,"parameters":[]}],"moveFrequency":3,"moveRoute":{"list":[{"code":0,"parameters":[]}],"repeat":true,"skippable":false,"wait":false},"moveSpeed":3,"moveType":0,"priorityType":1,"stepAnime":true,"through":false,"trigger":0,"walkAnime":true}],"x":8,"y":7}
]
}