[
null,
{"id":1,"animationId":1,"description":"","etypeId":1,"traits":[{"code":31,"dataId":1,"value":0},{"code":22,"dataId":0,"value":0}],"iconIndex":101,"name":"Cane","note":"","params":[0,0,10,0,0,0,0,0],"price":0,"wtypeId":1},
{"id":2,"animationId":6,"description":"","etypeId":1,"traits":[{"code":31,"dataId":1,"value":0},{"code":22,"dataId":0,"value":0}],"iconIndex":97,"name":"Sword","note":"","params":[0,0,20,0,0,0,0,0],"price":0,"wtypeId":2},
{"id":3,"animationId":6,"description":"","etypeId":1,"traits":[{"code":31,"dataId":1,"value":0},{"code":22,"dataId":0,"value":0}],"iconIndex":99,"name":"Axe","note":"","params":[0,0,25,0,0,0,-5,0],"price":0,"wtypeId":3},
{"id":4,"animationId":23,"description":"","etypeId":1,"traits":[{"code":31,"dataId":1,"value":0},{"code":22,"dataId":0,"value":0}],"iconIndex":97,"name":"Magic Sword","note":"","params":[0,0,40,0,0,0,0,0],"price":0,"wtypeId":4},
{"id":5,"animationId":24,"description":"","etypeId":1,"traits":[{"code":31,"dataId":1,"value":0},{"code":22,"dataId":0,"value":0}],"iconIndex":99,"name":"Magic Axe","note":"","params":[0,0,50,0,0,0,-5,0],"price":0,"wtypeId":5},
{"id":6,"animationId":112,"description":"","etypeId":1,"traits":[{"code":31,"dataId":1,"value":0},{"code":22,"dataId":0,"value":0}],"iconIndex":112,"name":"Gun Sword","note":"","params":[0,0,70,0,0,0,5,0],"price":0,"wtypeId":6}
]